{"Krak\u00f3w": [50.0469432, 19.997153435836697], "Bialystok": [53.132398, 23.1591679], "Bielsko-Bia\u0142a": [49.822118, 19.0448936], "Chrzan\u00f3w": [50.1411926, 19.4028502], "Gda\u0144sk": [54.3482907, 18.6540233], "Gdynia": [54.52333035, 18.604027892041863], "Gliwice": [50.30113145, 18.662347227971978], "Gromnik Lesser Poland": [49.8381626, 20.9614301], "Katowice": [50.2598987, 19.0215852], "Kielce": [50.8719903, 20.6310488], "Krosno": [49.6938045, 21.7651458], "Krynica": [53.0336093, 23.5880673], "Lublin": [51.250559, 22.5701022], "\u0141\u00f3d\u017a": [51.7728245, 19.478485931307937], "Malbork": [54.0287383, 19.039396385383558], "Nowy Targ": [49.4818229, 20.030541], "Olsztyn": [53.7767239, 20.477780523409734], "Pozna\u0144": [52.4082663, 16.9335199], "Pu\u0142awy": [51.4171713, 21.9720582], "Radom": [51.41716055, 21.160944780832743], "Rzesz\u00f3w": [50.0374531, 22.0047174], "Sandomierz": [50.6793066, 21.7495055], "Szczecin": [53.4301818, 14.5509623], "Szczucin": [50.3090256, 21.075161], "Szklarska Por\u0119ba": [50.8268011, 15.5221261], "Tarn\u00f3w": [50.0123784, 20.9880739], "Warszawa": [52.2319581, 21.0067249], "Wieliczka": [49.9823773, 20.0602114], "Wroc\u0142aw": [51.1089776, 17.0326689], "Zakopane": [49.2969114, 19.9504753], "Zamo\u015b\u0107": [50.7170854, 23.2525711]}