{
  "Krak\u00f3w": {
    "Latitude": 50.0469432,
    "Longitude": 19.997153435836697
  },
  "Bialystok": {
    "Latitude": 53.132398,
    "Longitude": 23.1591679
  },
  "Bielsko-Bia\u0142a": {
    "Latitude": 49.822118,
    "Longitude": 19.0448936
  },
  "Chrzan\u00f3w": {
    "Latitude": 50.1411926,
    "Longitude": 19.4028502
  },
  "Gda\u0144sk": {
    "Latitude": 54.3482907,
    "Longitude": 18.6540233
  },
  "Gdynia": {
    "Latitude": 54.52333035,
    "Longitude": 18.604027892041863
  },
  "Gliwice": {
    "Latitude": 50.30113145,
    "Longitude": 18.662347227971978
  },
  "Gromnik Lesser Poland": {
    "Latitude": 49.8381626,
    "Longitude": 20.9614301
  },
  "Katowice": {
    "Latitude": 50.2598987,
    "Longitude": 19.0215852
  },
  "Kielce": {
    "Latitude": 50.8719903,
    "Longitude": 20.6310488
  },
  "Krosno": {
    "Latitude": 49.6938045,
    "Longitude": 21.7651458
  },
  "Krynica": {
    "Latitude": 53.0336093,
    "Longitude": 23.5880673
  },
  "Lublin": {
    "Latitude": 51.250559,
    "Longitude": 22.5701022
  },
  "\u0141\u00f3d\u017a": {
    "Latitude": 51.7728245,
    "Longitude": 19.478485931307937
  },
  "Malbork": {
    "Latitude": 54.0287383,
    "Longitude": 19.039396385383558
  },
  "Nowy Targ": {
    "Latitude": 49.4818229,
    "Longitude": 20.030541
  },
  "Olsztyn": {
    "Latitude": 53.7767239,
    "Longitude": 20.477780523409734
  },
  "Pozna\u0144": {
    "Latitude": 52.4082663,
    "Longitude": 16.9335199
  },
  "Pu\u0142awy": {
    "Latitude": 51.4171713,
    "Longitude": 21.9720582
  },
  "Radom": {
    "Latitude": 51.41716055,
    "Longitude": 21.160944780832743
  },
  "Rzesz\u00f3w": {
    "Latitude": 50.0374531,
    "Longitude": 22.0047174
  },
  "Sandomierz": {
    "Latitude": 50.6793066,
    "Longitude": 21.7495055
  },
  "Szczecin": {
    "Latitude": 53.4301818,
    "Longitude": 14.5509623
  },
  "Szczucin": {
    "Latitude": 50.3090256,
    "Longitude": 21.075161
  },
  "Szklarska Por\u0119ba": {
    "Latitude": 50.8268011,
    "Longitude": 15.5221261
  },
  "Tarn\u00f3w": {
    "Latitude": 50.0123784,
    "Longitude": 20.9880739
  },
  "Warszawa": {
    "Latitude": 52.2319581,
    "Longitude": 21.0067249
  },
  "Wieliczka": {
    "Latitude": 49.9823773,
    "Longitude": 20.0602114
  },
  "Wroc\u0142aw": {
    "Latitude": 51.1089776,
    "Longitude": 17.0326689
  },
  "Zakopane": {
    "Latitude": 49.2969114,
    "Longitude": 19.9504753
  },
  "Zamo\u015b\u0107": {
    "Latitude": 50.7170854,
    "Longitude": 23.2525711
  }
}